{
	"Version": "2019-10-30",
	"StartAction": "dc069aae-b4d8-4ed7-a7f5-a3369fed0b6c",
	"Metadata": {
		"entryPointPosition": {
			"x": 15,
			"y": 30
		},
		"snapToGrid": false,
		"ActionMetadata": {
			"31bbac14-c690-4611-9181-9b6327a0baed": {
				"position": {
					"x": 1319.25,
					"y": 119.25
				},
				"conditionMetadata": [{
					"operator": {
						"name": "Contains",
						"value": "Contains",
						"shortDisplay": "contains"
					},
					"value": "Second",
					"id": "e08241b8-be3e-437a-ab09-4c4126ce3bbb"
				}]
			},
			"9ea7273d-d4c2-4e75-98c2-1d941be97c58": {
				"position": {
					"x": 1311,
					"y": 433
				},
				"useDynamic": false
			},
			"3086e678-31cf-4213-be2a-2f35c1bee077": {
				"position": {
					"x": 1850,
					"y": 4
				},
				"conditionMetadata": [{
					"operator": {
						"name": "Contains",
						"value": "Contains",
						"shortDisplay": "contains"
					},
					"value": "Third",
					"id": "ea9961dd-5f4c-4496-a467-0e0a600ca188"
				}]
			},
			"13560d89-ef34-4ce6-924c-08596d52ddea": {
				"position": {
					"x": 456,
					"y": 341
				},
				"conditionMetadata": [{
					"operator": {
						"name": "Equals",
						"value": "Equals",
						"shortDisplay": "="
					},
					"value": "200",
					"id": "45a9fa62-fcdb-4c4d-ad68-8c997b841b50"
				}, {
					"operator": {
						"name": "Equals",
						"value": "Equals",
						"shortDisplay": "="
					},
					"value": "404",
					"id": "039c1f98-5262-43af-ad13-f3d6e79f88db"
				}]
			},
			"1b01f716-202a-4330-b727-5418629d16c6": {
				"position": {
					"x": 963.75,
					"y": 672
				},
				"useDynamic": false
			},
			"8f722a28-277f-4ab2-8bcf-f3917e080dda": {
				"position": {
					"x": 1422.25,
					"y": 744
				}
			},
			"031bc214-b96c-40dc-a554-4ccd70e4b9dc": {
				"position": {
					"x": 3199,
					"y": 433
				}
			},
			"dc069aae-b4d8-4ed7-a7f5-a3369fed0b6c": {
				"position": {
					"x": 223,
					"y": 49
				},
				"dynamicMetadata": {
					"inputphonenumber": true
				},
				"useDynamic": false
			},
			"7ffd5c93-5075-44df-830c-ec83192c88be": {
				"position": {
					"x": 1028,
					"y": 26
				},
				"useDynamic": false
			},
			"d89d5f5d-1d98-49e7-bf8e-daf6e60247b9": {
				"position": {
					"x": 1565,
					"y": 15
				},
				"useDynamic": false
			},
			"362a426e-4d2b-4cd1-82e9-771901a42aeb": {
				"position": {
					"x": 766,
					"y": 96
				},
				"dynamicParams": ["result1"]
			},
			"822a896a-8bc4-449f-abc8-c4714603cf25": {
				"position": {
					"x": 2346,
					"y": 695
				},
				"useDynamic": false
			},
			"adf45879-0e74-45d9-9679-0e3a92a35bc6": {
				"position": {
					"x": 2549,
					"y": 6
				},
				"useDynamic": false
			},
			"9d02d18e-1c32-4af9-9e5d-b2c96e7ba305": {
				"position": {
					"x": 2099,
					"y": 293
				},
				"useDynamic": false
			},
			"66f74204-6263-4d00-a81c-2d1160d42114": {
				"position": {
					"x": 2076,
					"y": 988
				},
				"useDynamic": false
			}
		}
	},
	"Actions": [{
		"Identifier": "31bbac14-c690-4611-9181-9b6327a0baed",
		"Parameters": {
			"ComparisonValue": "$.External.result2"
		},
		"Transitions": {
			"NextAction": "adf45879-0e74-45d9-9679-0e3a92a35bc6",
			"Errors": [{
				"NextAction": "adf45879-0e74-45d9-9679-0e3a92a35bc6",
				"ErrorType": "NoMatchingCondition"
			}],
			"Conditions": [{
				"NextAction": "d89d5f5d-1d98-49e7-bf8e-daf6e60247b9",
				"Condition": {
					"Operator": "TextContains",
					"Operands": ["Second"]
				}
			}]
		},
		"Type": "Compare"
	}, {
		"Identifier": "9ea7273d-d4c2-4e75-98c2-1d941be97c58",
		"Parameters": {
			"Text": "No Matches were found, please try again later. Your call will be disconnected now. Thank You for calling."
		},
		"Transitions": {
			"NextAction": "031bc214-b96c-40dc-a554-4ccd70e4b9dc",
			"Errors": [{
				"NextAction": "031bc214-b96c-40dc-a554-4ccd70e4b9dc",
				"ErrorType": "NoMatchingError"
			}],
			"Conditions": []
		},
		"Type": "MessageParticipant"
	}, {
		"Identifier": "3086e678-31cf-4213-be2a-2f35c1bee077",
		"Parameters": {
			"ComparisonValue": "$.External.result3"
		},
		"Transitions": {
			"NextAction": "adf45879-0e74-45d9-9679-0e3a92a35bc6",
			"Errors": [{
				"NextAction": "adf45879-0e74-45d9-9679-0e3a92a35bc6",
				"ErrorType": "NoMatchingCondition"
			}],
			"Conditions": [{
				"NextAction": "9d02d18e-1c32-4af9-9e5d-b2c96e7ba305",
				"Condition": {
					"Operator": "TextContains",
					"Operands": ["Third"]
				}
			}]
		},
		"Type": "Compare"
	}, {
		"Identifier": "13560d89-ef34-4ce6-924c-08596d52ddea",
		"Parameters": {
			"ComparisonValue": "$.External.Response"
		},
		"Transitions": {
			"NextAction": "9ea7273d-d4c2-4e75-98c2-1d941be97c58",
			"Errors": [{
				"NextAction": "9ea7273d-d4c2-4e75-98c2-1d941be97c58",
				"ErrorType": "NoMatchingCondition"
			}],
			"Conditions": [{
				"NextAction": "362a426e-4d2b-4cd1-82e9-771901a42aeb",
				"Condition": {
					"Operator": "Equals",
					"Operands": ["200"]
				}
			}, {
				"NextAction": "1b01f716-202a-4330-b727-5418629d16c6",
				"Condition": {
					"Operator": "Equals",
					"Operands": ["404"]
				}
			}]
		},
		"Type": "Compare"
	}, {
		"Identifier": "1b01f716-202a-4330-b727-5418629d16c6",
		"Parameters": {
			"Text": "No Matches are found for the entered number. Please try again later."
		},
		"Transitions": {
			"NextAction": "8f722a28-277f-4ab2-8bcf-f3917e080dda",
			"Errors": [{
				"NextAction": "66f74204-6263-4d00-a81c-2d1160d42114",
				"ErrorType": "NoMatchingError"
			}],
			"Conditions": []
		},
		"Type": "MessageParticipant"
	}, {
		"Identifier": "8f722a28-277f-4ab2-8bcf-f3917e080dda",
		"Type": "DisconnectParticipant",
		"Parameters": {},
		"Transitions": {}
	}, {
		"Identifier": "031bc214-b96c-40dc-a554-4ccd70e4b9dc",
		"Type": "DisconnectParticipant",
		"Parameters": {},
		"Transitions": {}
	}, {
		"Identifier": "dc069aae-b4d8-4ed7-a7f5-a3369fed0b6c",
		"Parameters": {
			"LambdaFunctionARN": "VANITYNUMBER_LAMBDAARN",
			"InvocationTimeLimitSeconds": "8",
			"LambdaInvocationAttributes": {
				"inputphonenumber": "$.StoredCustomerInput"
			}
		},
		"Transitions": {
			"NextAction": "13560d89-ef34-4ce6-924c-08596d52ddea",
			"Errors": [{
				"NextAction": "66f74204-6263-4d00-a81c-2d1160d42114",
				"ErrorType": "NoMatchingError"
			}],
			"Conditions": []
		},
		"Type": "InvokeLambdaFunction"
	}, {
		"Identifier": "7ffd5c93-5075-44df-830c-ec83192c88be",
		"Parameters": {
			"SSML": "$.External.result1</say-as></speak>"
		},
		"Transitions": {
			"NextAction": "31bbac14-c690-4611-9181-9b6327a0baed",
			"Errors": [{
				"NextAction": "66f74204-6263-4d00-a81c-2d1160d42114",
				"ErrorType": "NoMatchingError"
			}],
			"Conditions": []
		},
		"Type": "MessageParticipant"
	}, {
		"Identifier": "d89d5f5d-1d98-49e7-bf8e-daf6e60247b9",
		"Parameters": {
			"SSML": "$.External.result2</say-as></speak>"
		},
		"Transitions": {
			"NextAction": "3086e678-31cf-4213-be2a-2f35c1bee077",
			"Errors": [{
				"NextAction": "66f74204-6263-4d00-a81c-2d1160d42114",
				"ErrorType": "NoMatchingError"
			}],
			"Conditions": []
		},
		"Type": "MessageParticipant"
	}, {
		"Identifier": "362a426e-4d2b-4cd1-82e9-771901a42aeb",
		"Parameters": {
			"Attributes": {
				"result1": "$.External.$.External.result1"
			}
		},
		"Transitions": {
			"NextAction": "7ffd5c93-5075-44df-830c-ec83192c88be",
			"Errors": [{
				"NextAction": "66f74204-6263-4d00-a81c-2d1160d42114",
				"ErrorType": "NoMatchingError"
			}],
			"Conditions": []
		},
		"Type": "UpdateContactAttributes"
	}, {
		"Identifier": "822a896a-8bc4-449f-abc8-c4714603cf25",
		"Parameters": {
			"Text": "Thank You for calling Solutions for Vanity Generation. Your call will be disconnected."
		},
		"Transitions": {
			"NextAction": "031bc214-b96c-40dc-a554-4ccd70e4b9dc",
			"Errors": [{
				"NextAction": "66f74204-6263-4d00-a81c-2d1160d42114",
				"ErrorType": "NoMatchingError"
			}],
			"Conditions": []
		},
		"Type": "MessageParticipant"
	}, {
		"Identifier": "adf45879-0e74-45d9-9679-0e3a92a35bc6",
		"Parameters": {
			"Text": "No Further Matches were found."
		},
		"Transitions": {
			"NextAction": "822a896a-8bc4-449f-abc8-c4714603cf25",
			"Errors": [{
				"NextAction": "66f74204-6263-4d00-a81c-2d1160d42114",
				"ErrorType": "NoMatchingError"
			}],
			"Conditions": []
		},
		"Type": "MessageParticipant"
	}, {
		"Identifier": "9d02d18e-1c32-4af9-9e5d-b2c96e7ba305",
		"Parameters": {
			"SSML": "$.External.result2</say-as></speak>"
		},
		"Transitions": {
			"NextAction": "adf45879-0e74-45d9-9679-0e3a92a35bc6",
			"Errors": [{
				"NextAction": "66f74204-6263-4d00-a81c-2d1160d42114",
				"ErrorType": "NoMatchingError"
			}],
			"Conditions": []
		},
		"Type": "MessageParticipant"
	}, {
		"Identifier": "66f74204-6263-4d00-a81c-2d1160d42114",
		"Parameters": {
			"Text": "Some error has occurred, please call again. Sorry for inconvenience."
		},
		"Transitions": {
			"NextAction": "031bc214-b96c-40dc-a554-4ccd70e4b9dc",
			"Errors": [{
				"NextAction": "031bc214-b96c-40dc-a554-4ccd70e4b9dc",
				"ErrorType": "NoMatchingError"
			}],
			"Conditions": []
		},
		"Type": "MessageParticipant"
	}]
}