{
	"Version": "2019-10-30",
	"StartAction": "a59df7be-92d3-440f-81d4-c0a0c104dcad",
	"Metadata": {
		"entryPointPosition": {
			"x": 49,
			"y": 15
		},
		"snapToGrid": false,
		"ActionMetadata": {
			"d228e948-214f-4fd7-8d53-c530f6abbd55": {
				"position": {
					"x": 850,
					"y": 125
				}
			},
			"56f6bbf1-b427-4d4a-973e-140cf501ed8b": {
				"position": {
					"x": 797,
					"y": 243
				},
				"useDynamic": false
			},
			"e6e7265a-9816-4b72-befc-2f289fd23e1a": {
				"position": {
					"x": 1081,
					"y": 351
				}
			},
			"d17c1372-c69d-473b-9c7c-3bc1b8d3e4aa": {
				"position": {
					"x": 1689,
					"y": 1314
				}
			},
			"731d5b2e-aad3-44d1-b4d7-61d1a626594d": {
				"position": {
					"x": 1444,
					"y": 1206
				},
				"useDynamic": false
			},
			"ed9d609f-7495-453d-bfa9-8349cc93ce19": {
				"position": {
					"x": 1507,
					"y": 859
				}
			},
			"db053069-093c-46de-9c55-ac97d155544d": {
				"position": {
					"x": 243,
					"y": 30
				},
				"useDynamic": false
			},
			"0ddf28bc-bcb0-42c4-898b-aa67c987e407": {
				"position": {
					"x": 259,
					"y": 736
				},
				"useDynamic": false,
				"useDynamicForEncryptionKeys": true,
				"useDynamicForTerminatorDigits": false,
				"countryCodePrefix": "+44"
			},
			"291ba96a-4969-4f88-90ff-3f01945dcb92": {
				"position": {
					"x": 247,
					"y": 293
				},
				"conditionMetadata": [{
					"id": "b74d1cd1-57d9-48e9-907c-ed5653ed1fd7",
					"value": "1"
				}, {
					"id": "7c4e998c-06f6-4cdb-ac62-9cc46e61ccf1",
					"value": "2"
				}],
				"useDynamic": false,
				"useLexBotDropdown": true,
				"useDynamicLexBotArn": false
			},
			"8afeef92-3b5b-45ea-be10-ef42ef5f7288": {
				"position": {
					"x": 750.75,
					"y": 721.25
				},
				"useDynamic": false
			},
			"df9f14ba-6175-495c-9915-cac8b3dafa48": {
				"position": {
					"x": 1179,
					"y": 1337
				},
				"useDynamic": false,
				"ContactFlow": {
					"id": "VANITYNUMBER_LAMBDA_CONTACTFLOW_ARN",
					"text": "VF-LambdaCall"
				}
			},
			"65d3b5ee-639d-40fa-915f-219b89e85582": {
				"position": {
					"x": 580,
					"y": 25
				},
				"useDynamic": false
			},
			"55fbf1ca-8254-403d-9abd-7f2efcacf6e5": {
				"position": {
					"x": 572,
					"y": 1665
				},
				"useDynamic": false
			},
			"8455a185-d540-47d7-b5f9-f297486def93": {
				"position": {
					"x": 1058,
					"y": 972
				},
				"useDynamic": false
			},
			"e4465de4-1795-43f2-981f-a05257a8b43a": {
				"position": {
					"x": 264,
					"y": 1014
				},
				"dynamicParams": ["inputphonenumber"]
			},
			"3a19bca7-3fc3-45bc-acd3-cf471b1bf93b": {
				"position": {
					"x": 281,
					"y": 1264
				},
				"conditionMetadata": [{
					"id": "6666ad1c-1648-4082-92f1-ddd463a0bf0b",
					"value": "1"
				}, {
					"id": "f113e9d3-1044-41b8-9e6a-2b2782732c51",
					"value": "2"
				}],
				"useDynamic": false,
				"useLexBotDropdown": true,
				"useDynamicLexBotArn": false
			},
			"a59df7be-92d3-440f-81d4-c0a0c104dcad": {
				"position": {
					"x": 15,
					"y": 240
				}
			}
		}
	},
	"Actions": [{
		"Identifier": "d228e948-214f-4fd7-8d53-c530f6abbd55",
		"Type": "DisconnectParticipant",
		"Parameters": {},
		"Transitions": {}
	}, {
		"Identifier": "56f6bbf1-b427-4d4a-973e-140cf501ed8b",
		"Parameters": {
			"Text": "You have not entered input on time. Please try again later."
		},
		"Transitions": {
			"NextAction": "e6e7265a-9816-4b72-befc-2f289fd23e1a",
			"Errors": [{
				"NextAction": "e6e7265a-9816-4b72-befc-2f289fd23e1a",
				"ErrorType": "NoMatchingError"
			}],
			"Conditions": []
		},
		"Type": "MessageParticipant"
	}, {
		"Identifier": "e6e7265a-9816-4b72-befc-2f289fd23e1a",
		"Type": "DisconnectParticipant",
		"Parameters": {},
		"Transitions": {}
	}, {
		"Identifier": "d17c1372-c69d-473b-9c7c-3bc1b8d3e4aa",
		"Type": "DisconnectParticipant",
		"Parameters": {},
		"Transitions": {}
	}, {
		"Identifier": "731d5b2e-aad3-44d1-b4d7-61d1a626594d",
		"Parameters": {
			"Text": "Some error has occurred, please call again. Sorry for inconvenience,"
		},
		"Transitions": {
			"NextAction": "d17c1372-c69d-473b-9c7c-3bc1b8d3e4aa",
			"Errors": [{
				"NextAction": "d17c1372-c69d-473b-9c7c-3bc1b8d3e4aa",
				"ErrorType": "NoMatchingError"
			}],
			"Conditions": []
		},
		"Type": "MessageParticipant"
	}, {
		"Identifier": "ed9d609f-7495-453d-bfa9-8349cc93ce19",
		"Type": "DisconnectParticipant",
		"Parameters": {},
		"Transitions": {}
	}, {
		"Identifier": "db053069-093c-46de-9c55-ac97d155544d",
		"Parameters": {
			"Text": "Welcome to Solutions for Vanity Generation. We provide services to generate Vanity number from a entered Valid UK Telephone number."
		},
		"Transitions": {
			"NextAction": "291ba96a-4969-4f88-90ff-3f01945dcb92",
			"Errors": [{
				"NextAction": "8455a185-d540-47d7-b5f9-f297486def93",
				"ErrorType": "NoMatchingError"
			}],
			"Conditions": []
		},
		"Type": "MessageParticipant"
	}, {
		"Identifier": "0ddf28bc-bcb0-42c4-898b-aa67c987e407",
		"Parameters": {
			"Text": "Please enter a number without country code,number should be 10 digits to proceed further.",
			"StoreInput": "True",
			"InputTimeLimitSeconds": "10",
			"InputValidation": {
				"PhoneNumberValidation": {
					"NumberFormat": "Local",
					"CountryCode": "GB"
				}
			}
		},
		"Transitions": {
			"NextAction": "e4465de4-1795-43f2-981f-a05257a8b43a",
			"Errors": [{
				"NextAction": "8455a185-d540-47d7-b5f9-f297486def93",
				"ErrorType": "NoMatchingError"
			}, {
				"NextAction": "8afeef92-3b5b-45ea-be10-ef42ef5f7288",
				"ErrorType": "InvalidPhoneNumber"
			}],
			"Conditions": []
		},
		"Type": "GetParticipantInput"
	}, {
		"Identifier": "291ba96a-4969-4f88-90ff-3f01945dcb92",
		"Parameters": {
			"Text": "Press 1, To enter a phone number for conversion to Vanity Number.nPress 2, To Exit",
			"StoreInput": "False",
			"InputTimeLimitSeconds": "10"
		},
		"Transitions": {
			"NextAction": "8455a185-d540-47d7-b5f9-f297486def93",
			"Errors": [{
				"NextAction": "8455a185-d540-47d7-b5f9-f297486def93",
				"ErrorType": "NoMatchingError"
			}, {
				"NextAction": "8455a185-d540-47d7-b5f9-f297486def93",
				"ErrorType": "NoMatchingCondition"
			}, {
				"NextAction": "56f6bbf1-b427-4d4a-973e-140cf501ed8b",
				"ErrorType": "InputTimeLimitExceeded"
			}],
			"Conditions": [{
				"NextAction": "0ddf28bc-bcb0-42c4-898b-aa67c987e407",
				"Condition": {
					"Operator": "Equals",
					"Operands": ["1"]
				}
			}, {
				"NextAction": "65d3b5ee-639d-40fa-915f-219b89e85582",
				"Condition": {
					"Operator": "Equals",
					"Operands": ["2"]
				}
			}]
		},
		"Type": "GetParticipantInput"
	}, {
		"Identifier": "8afeef92-3b5b-45ea-be10-ef42ef5f7288",
		"Parameters": {
			"Text": "Please enter a valid Phone number."
		},
		"Transitions": {
			"NextAction": "291ba96a-4969-4f88-90ff-3f01945dcb92",
			"Errors": [{
				"NextAction": "8455a185-d540-47d7-b5f9-f297486def93",
				"ErrorType": "NoMatchingError"
			}],
			"Conditions": []
		},
		"Type": "MessageParticipant"
	}, {
		"Identifier": "df9f14ba-6175-495c-9915-cac8b3dafa48",
		"Parameters": {
			"ContactFlowId": "VANITYNUMBER_LAMBDA_CONTACTFLOW_ARN"
		},
		"Transitions": {
			"NextAction": "731d5b2e-aad3-44d1-b4d7-61d1a626594d",
			"Errors": [{
				"NextAction": "731d5b2e-aad3-44d1-b4d7-61d1a626594d",
				"ErrorType": "NoMatchingError"
			}],
			"Conditions": []
		},
		"Type": "TransferToFlow"
	}, {
		"Identifier": "65d3b5ee-639d-40fa-915f-219b89e85582",
		"Parameters": {
			"Text": "You have chosen to Exit. Thank you for calling"
		},
		"Transitions": {
			"NextAction": "d228e948-214f-4fd7-8d53-c530f6abbd55",
			"Errors": [{
				"NextAction": "d228e948-214f-4fd7-8d53-c530f6abbd55",
				"ErrorType": "NoMatchingError"
			}],
			"Conditions": []
		},
		"Type": "MessageParticipant"
	}, {
		"Identifier": "55fbf1ca-8254-403d-9abd-7f2efcacf6e5",
		"Parameters": {
			"Text": "Sorry i cannot understand number, please try again"
		},
		"Transitions": {
			"NextAction": "291ba96a-4969-4f88-90ff-3f01945dcb92",
			"Errors": [{
				"NextAction": "8455a185-d540-47d7-b5f9-f297486def93",
				"ErrorType": "NoMatchingError"
			}],
			"Conditions": []
		},
		"Type": "MessageParticipant"
	}, {
		"Identifier": "8455a185-d540-47d7-b5f9-f297486def93",
		"Parameters": {
			"Text": "Some error has occurred, please call again. Sorry for inconvenience,"
		},
		"Transitions": {
			"NextAction": "ed9d609f-7495-453d-bfa9-8349cc93ce19",
			"Errors": [{
				"NextAction": "ed9d609f-7495-453d-bfa9-8349cc93ce19",
				"ErrorType": "NoMatchingError"
			}],
			"Conditions": []
		},
		"Type": "MessageParticipant"
	}, {
		"Identifier": "e4465de4-1795-43f2-981f-a05257a8b43a",
		"Parameters": {
			"Attributes": {
				"inputphonenumber": "$.StoredCustomerInput"
			}
		},
		"Transitions": {
			"NextAction": "3a19bca7-3fc3-45bc-acd3-cf471b1bf93b",
			"Errors": [{
				"NextAction": "8455a185-d540-47d7-b5f9-f297486def93",
				"ErrorType": "NoMatchingError"
			}],
			"Conditions": []
		},
		"Type": "UpdateContactAttributes"
	}, {
		"Identifier": "3a19bca7-3fc3-45bc-acd3-cf471b1bf93b",
		"Parameters": {
			"SSML": "<speak>Number you have entered is <say-as interpret-as=\"telephone\">$.Attributes.inputphonenumber</say-as>nPress 1, to confim <break time=\"1s\"/>nPress 2,  to Exit</speak>",
			"StoreInput": "False",
			"InputTimeLimitSeconds": "5"
		},
		"Transitions": {
			"NextAction": "55fbf1ca-8254-403d-9abd-7f2efcacf6e5",
			"Errors": [{
				"NextAction": "8455a185-d540-47d7-b5f9-f297486def93",
				"ErrorType": "NoMatchingError"
			}, {
				"NextAction": "55fbf1ca-8254-403d-9abd-7f2efcacf6e5",
				"ErrorType": "NoMatchingCondition"
			}, {
				"NextAction": "8455a185-d540-47d7-b5f9-f297486def93",
				"ErrorType": "InputTimeLimitExceeded"
			}],
			"Conditions": [{
				"NextAction": "df9f14ba-6175-495c-9915-cac8b3dafa48",
				"Condition": {
					"Operator": "Equals",
					"Operands": ["1"]
				}
			}, {
				"NextAction": "65d3b5ee-639d-40fa-915f-219b89e85582",
				"Condition": {
					"Operator": "Equals",
					"Operands": ["2"]
				}
			}]
		},
		"Type": "GetParticipantInput"
	}, {
		"Identifier": "a59df7be-92d3-440f-81d4-c0a0c104dcad",
		"Parameters": {
			"FlowLoggingBehavior": "Enabled"
		},
		"Transitions": {
			"NextAction": "db053069-093c-46de-9c55-ac97d155544d",
			"Errors": [],
			"Conditions": []
		},
		"Type": "UpdateFlowLoggingBehavior"
	}]
}